﻿{"2":"1","TotalRows":"4","cnt":"15","OrdID":"1060558","<TodayDate>":"23.12.2024","CC":"Subra","C2":"$9.99","Validtaion Buffer":"FAIL","colval":"Sanhi","Age-Buff":"7","Val":"Open","Age-Buffer":"Sanhi","Maketext":"– please select –\r\nAudi\r\nBMW\r\nFord\r\nHonda\r\nMazda\r\nMercedes Benz\r\nNissan\r\nOpel\r\nPorsche\r\nRenault\r\nSkoda\r\nSuzuki\r\nToyota\r\nVolkswagen\r\nVolvo","Category":"[\"Subra\",\"Balaji\",\"Logesh\",\"Balaji\",\"Subra\",\"Balaji\",\"Logesh\",\"Balaji\",\"Subra\",\"Balaji\",\"Logesh\",\"Balaji\",\"Subra\",\"Balaji\",\"Logesh\",\"Balaji\",\"Subra\",\"Balaji\",\"Logesh\",\"Balaji\",\"Subra\",\"Balaji\",\"Logesh\",\"Balaji\",\"Subra\",\"Balaji\",\"Logesh\",\"Balaji\",\"Subra\",\"Balaji\",\"Logesh\",\"Balaji\",\"Subra\",\"Balaji\",\"Logesh\",\"Balaji\",\"Subra\",\"Balaji\",\"Logesh\",\"Balaji\",\"Subra\",\"Balaji\",\"Balaji\",\"Balaji\",\"Balaji\",\"Logesh\",\"Balaji\",\"Subra\",\"Balaji\",\"Logesh\",\"Shan\",\"Shan\",\"Shan\",\"Shan\",\"Shan\",\"Shan\",\"Shan\",\"Shan\",\"Shan\",\"Shan\",\"Shan\",\"Shan\"]","lr":"O","N1":"19","product":"6","Total":"$39.98","action":"-","letter":"D","1->2":"2","N2":"5","Error":"Epic sadface: Username and password do not match any user in this service","C1Val":" 29.99","A-Buff":"29","Counter":"5","1":"0","ltr":"T","A":"3","CpyCat":"[\"\"]","count":"1","LModel":"Ordered Values, Count: 5","C1":"$29.99","CntInc":"2","LMake":"Ordered Values, Count: 16","C2Val":" 9.99"}