<?xml version="1.0" encoding="utf-8"?>
<TOSCASettings xmlns="TOSCANamespace" xmlns:xsi="http://www.w3.org/2001/XMLSchema-instance">
  <Category name="TBox">
    <Category name="XScan">
      <Setting name="DefaultIds" legacyPath="TBox.XScan.DefaultIds"></Setting>
    </Category>
  </Category>
  <Category name="Workspace">
    <Setting name="SettingsDir" legacyPath="Workspace.SettingsDir">C:\Tosca_Projects\Tosca_Workspaces\Testpractice\Settings</Setting>
  </Category>
</TOSCASettings>
